Mvir,Mstar
20923887151797.17,575445031666.9532
19444554905436.695,628107642130.6879
15629839612439.664,666831936100.8959
13835427609578.162,360013258979.764
10739000648113.223,372546064040.019
9328990989387.764,384018540999.43835
8525735353220.773,439839393838.72974
8152440698956.621,378123034730.26855
7226733227265.388,263341295441.44238
5808197827840.456,156186205029.71683
5239924920837.481,166373086016.09726
4218345448919.7886,186065739761.93506
3573749576405.9214,175882459869.73203
3334540952193.779,188116480631.20834
3431295976311.733,170463653376.23404
3726979951351.854,121601258511.13512
3216807711498.4336,104108030572.58029
3036998107037.7134,128750426760.4757
2765107822175.383,119403199398.04749
2562392816545.236,149612961901.08142
2669766443074.4297,110986749413.70663
2478175696406.2583,144331580916.11218
2576601664327.98,85262108853.46642
2086897908247.0327,100496206523.22655
1848330880749.5217,118983422227.53258
1901645405568.094,101289461954.74986
2022616294732.863,69053938195.97995
1878948029243.4072,74384747831.2598
1554328423659.9302,82402475723.43547
1573088310982.438,52179867164.1863
1478580984764.1587,66168314534.204994
1416368238427.6084,58502560543.113365
1367211670699.282,58619841042.2467
1328172421014.3665,66406908236.51735
1318424803815.8523,64380846814.30286
1385247827381.1013,32793156529.010056
1181383070703.178,61250538724.79176
1113648204115.5554,66216790334.97571
969828173692.551,80207144176.23853
1036028766392.3229,68693643567.862595
952592030776.3755,66507808484.911995
863420063967.6934,59310932913.097466
946460356268.9097,37383483842.908615
789365596199.9868,58986607968.72876
900732316694.8888,42061501957.86726
765732391701.761,44701407419.58561
721082048896.6345,46186016125.958725
720303461586.5614,41478651526.12724
707976014851.648,42623063923.61835
803133261446.3998,31440268244.623417
636641524635.046,49639792013.3074
721978073839.883,34422394452.28815
763525339070.3915,19374124967.329803
638553822578.7645,38205763933.530106
537766903098.8286,52246162181.13852
639585517446.1031,35078175739.39746
682861806093.0721,29402645334.764427
619716119533.0638,27241706986.83491
355339572728.2133,66656142548.13991
444893168788.8886,50842883445.08326
479561955805.6132,41552802979.37456
492565508166.0591,31939088377.815376
426282789761.1135,40136679528.28155
486810894317.9694,27621162180.223408
431031570026.6939,34787057486.01521
485360697292.99756,25107843485.298283
417045887984.5329,32982990545.61371
403997631015.6228,36428996958.732216
418900051863.0657,31323566335.201294
452629601056.817,26602176088.474342
428770336057.17676,27602732013.775494
456306484353.837,24942223434.321465
395847433292.67615,33448491949.51522
350250088614.4294,37191864492.09556
386990251543.9522,29421080819.372505
326738673785.1792,39642910240.121864
357091065349.98834,33576741936.34429
392632698407.236,26333330040.660007
333950267667.31354,37082908213.0718
365804973894.97723,29620927261.475338
354073898901.92676,28866227935.77536
325972652767.716,31624665626.704582
397123827402.3434,21569369189.06211
353982659072.1871,25847105213.012043
349661449975.6544,26760565015.06997
320201070813.18896,32127532564.186916
224644759526.26355,41994928845.03251
335245708374.2696,22781340292.69156
248694980325.24985,35484569206.642136
357714320604.11566,17647791961.99917
297558733745.0543,26022280914.24612
286166598851.70593,27622256780.32079
293218923578.49054,25569359690.960667
324275306269.2927,17779096293.033154
267647873881.16534,27455683885.617104
260361651682.0803,24561038137.981857
201307982640.6674,34319985706.3356
220117714706.13977,32245732527.19345
327607809468.11145,12762472503.870295
272474058278.27844,21113514442.108837
377569101281.19635,5772433836.531785
285225329154.47015,17733582538.778763
161860228861.4032,36240813476.51553
252402131613.77103,21600742045.83095
346018213065.5091,7375357390.687544
292578578909.9869,16605906698.70605
234205596455.511,23625138736.80518
286500546296.67957,13993045159.032915
284606868178.4765,13341208600.87143
254661771923.73538,17880958266.175793
233897889661.72247,22547462305.43734
239430279364.14276,20026754340.651867
221696669321.1164,22265634278.455997
184209168935.389,28228771372.386566
227083235555.9259,19895361828.9651
271066746171.23306,11514262847.42878
274227186920.23993,10769779765.354288
239201213765.39374,15727957040.366568
223798306212.25253,17799586348.600124
113062007759.90114,33557908528.623604
194146792603.77377,21273584088.029263
227476124513.8492,14761893498.152645
227689112716.10565,16855831857.942741
126837913597.25887,29268510899.421795
193584857732.3135,19000847639.45998
213536977715.15176,17641539773.542343
218728959152.5202,14681701325.741194
161245272285.98846,23398281779.369194
233044520994.94412,12069473419.781961
147676214002.2794,23924085573.504375
231659905141.58255,10141579618.613073
192205801763.25684,16101116666.841158
136765114650.02257,24589315183.954597
214549908226.9918,11379104382.682684
186148967582.26917,15073572782.377567
188084921041.1347,14753159510.363604
198670221656.9533,11824940156.460348
136091270564.79877,21077751331.831505
212039521957.03885,8283307674.476668
182663447953.6244,13813590897.922384
232028700098.7411,5430258448.907451
156647728173.43115,18130493597.233707
136410272353.59154,20488135929.267586
212433871696.65475,8129974286.3815975
178267084673.2003,13751973937.194252
182482291332.0059,12564566030.377554
185252945274.1972,12473482808.945646
215703986332.80966,6672737397.4113655
148431697161.45874,17334429835.115353
165593477057.8617,14437659779.693884
124369014638.15947,21311869948.12866
227548738769.88293,4426288979.468533
156087864561.64944,16182676140.400343
221890371286.7004,6244577923.257211
214492863616.29904,5353294907.857449
193367932174.71182,9299702859.398077
241420559963.92065,3119631550.9854736
142095507752.3026,16663162398.218773
154572090559.64893,14478464626.515194
169922019104.2038,10625249250.559359
81692162565.21536,24816059533.76934
96713066435.08102,22331167291.514496
103092782397.18338,21401675952.50719
172554544466.5048,9629643804.916729
206096605381.6793,5351488801.924903
198463234721.73715,5627678663.629296
219504404839.50827,3521972710.5756884
58452060796.09273,25886139512.23182
111645072105.84523,18870924277.362804
212689840829.57037,3469200186.3336444
188344822106.57242,6510505169.818846
179952123684.1827,6986822883.480715
133720584740.11055,14945721909.720476
211582383199.76547,3633223390.084785
130512599704.17574,15398842881.361052
144503921885.76535,11801229304.14064
144467246574.7924,12155302298.072586
166091468355.7198,7802558236.881198
160471931057.37357,9547895078.478657
195765688604.91702,4630974979.464982
89835204223.84589,20053230411.330685
168789367616.98578,7098446536.977759
206262848495.27176,3189913709.26346
146630625903.71808,11907431170.26147
163187206303.7145,7800559439.49436
164372110611.8014,7657730988.069582
203516011491.21536,3308537044.512905
128525494397.788,13390396675.638313
161083522952.2965,7835787290.085436
169717299759.6123,5936995506.663205
146734013144.48016,9231077626.49245
155648179320.6687,7209587419.018818
133328836331.80493,11247408393.301651
195635723801.25302,2669599282.8150973
134688663370.56042,9999476936.152258
148932782546.9671,7618179544.312508
154295442486.72998,6077563740.212673
127875138844.21754,10705984089.866823
130844782621.3515,10676114221.910515
94807969218.36787,15791690886.22484
191053588947.20316,2060664306.741478
185310892327.69553,2068744921.2408335
98082528630.1369,14728547660.419573
168423057179.3323,4878125554.440905
133050171777.84206,9447551936.719168
125229096414.14738,8874762662.633842
94247064356.82912,14534434913.466911
126707665419.43555,8955155679.391676
153086037556.91385,4803805142.87704
127080381544.73491,9127444272.19947
152440646317.4123,5064724733.11066
156774423605.52036,4322603218.819104
119086412402.15944,10125277017.308811
89471563084.25113,14919596145.322088
117149095339.12279,10003171915.051542
122765160938.093,9255333887.883049
121427015320.50842,8854942280.327644
105136757423.02563,11633533124.791697
145755345637.76968,6234929606.485488
137427637160.53572,5923426029.269941
134785817407.25024,6560891483.976266
108802716916.01135,10782389496.358564
137414913347.67392,5789162575.395694
74295896573.63878,16056453330.817583
138523294845.12234,5693887540.15937
110875784475.88582,9989601103.85858
139156034141.7088,5254406836.2187195
157399284889.77798,2430706332.572722
90164411836.95218,12960894520.698252
121067205454.61983,8497089263.967053
81243116428.92168,13689093631.841433
49235640985.55833,17827130119.379627
107119493195.8421,9173342654.22306
120584332709.50502,7113474313.996088
123941342384.51364,6064817634.738311
132586532851.85548,4795240636.707487
143388647823.0731,3349106249.761264
124242696449.68861,6125289447.14108
112341108985.33034,7547018048.58017
113659010463.10225,7236381960.756686
153803670771.0381,2460151806.141554
124427023131.32948,5228361840.168661
132250181987.82127,4024517021.426788
100256024043.6775,8605106013.71837
150621947256.52634,2188456535.2661653
119244548559.61002,5042547638.37571
121594957224.12503,4700651592.922907
112494251557.74265,5259012260.403822
75821774657.53174,12063516562.769388
117840363185.48024,5310552045.429211
106709698615.43066,6711439028.287046
105223420831.24883,7080735547.481707
121576428741.74928,4978421137.381707
72733595682.512,10871061196.307566
128189535726.05247,2380566380.731433
38291431149.44655,15766815859.715992
78088900185.43747,10257707628.289902
115883567416.78627,3882220857.030878
117358584459.32944,3483997938.6590614
103247339724.36685,5654045908.5457535
123507934110.15143,2755118247.8279176
104901671269.39635,5309886251.540883
118511468342.47777,3023515418.093057
124962134599.62762,2462425801.9922566
55524586870.95546,12491437160.547842
137309466609.01787,1278842856.2504811
119051271459.8855,2831305487.660756
47697354426.11727,13623575785.739252
117067559678.08823,3098016424.3189106
114619777665.02393,3416117677.899563
105099724313.26585,4789969871.934603
76741718031.88806,9199134086.789148
110477986009.49706,3888975389.1313305
98796036365.81502,5909963124.061207
117192330648.97498,2558415946.315884
111892843670.04417,3016844647.152449
86615515809.67328,7407878607.905487
111263590317.87044,3050269041.867467
60103158373.097534,11087113488.735666
114956663552.54207,2493809292.297483
116103064665.09488,1970425795.0220723
88936113651.45068,7189598453.221533
107161954650.00105,3233601817.647728
68606609545.61619,9421109834.98201
113110118266.61868,2925691666.3074484
103545796586.04855,3818075422.33986
118915103539.29712,2443798468.6939993
111407109905.75429,2398048533.516419
125806020105.68924,874649171.272268
87427827701.92664,5393810380.793714
33115012209.90887,13632559322.398142
109594167050.5238,2139684540.9101024
103255033026.12743,2621128811.9688845
96692962921.48413,3838946690.017965
101136241494.97719,3020556838.0121546
108409220160.48444,2222984841.5347123
71235598584.80585,7794276332.793118
91088905272.5858,4689419478.398822
104757578167.7906,2579807967.3927274
101996162755.04169,2674301087.3054185
25405584368.864315,14104283336.097198
84762181965.41968,5974560660.749068
101501530607.25935,2571111243.0886106
104857835000.9696,2400569464.665172
107337872343.55682,1485664355.7234137
93209707449.1817,3430648369.2103333
71662633476.76491,6802170687.571621
102586441786.97424,1985702256.344438
90508117713.03256,3770709293.102247
103515956655.98564,2011012188.653794
95730921253.1497,3268782217.6307383
100707024748.77289,2296786304.159922
100032079287.52748,2080282458.5492022
105668274731.71709,1792695964.7254176
101599342962.95692,1947870736.4977283
103033692887.42387,2683706194.821212
112931036025.53368,908673460.4510686
23603166599.663387,13038671061.77186
85484142943.1516,4617161347.781956
87576622756.37233,3605769611.3537855
48203023425.47428,9866104787.766161
78305389776.77548,5266424476.913941
88534166846.88625,3015064053.852143
52353496228.92816,8582019527.356531
97974517065.89113,2063812205.1098168
73247703426.78494,5455657014.189186
60435428320.19916,7615301048.530945
92532914617.10938,2070604893.51134
73978096206.24821,5124560690.7895355
72957490536.02953,5098971701.133048
54927000625.42065,8307791607.192613
98228095788.69342,1174288919.904525
51372393499.00772,8378471189.724301
99269194974.88039,1589855983.3290606
72227837368.43745,5162256841.137395
96931373031.83972,2020814147.9871054
77802387225.52687,3880000513.2176704
95008578816.09984,940540982.7766479
92288321734.86873,1596890321.6366458
83580258922.57085,2810682925.5495615
80614282011.02594,3675117766.45423
82828571364.92262,2976153561.5806694
95395824617.40787,973269471.5727149
79077303885.06029,3356640282.2535443
80600829933.51373,2873181944.3124723
91929546973.54941,1187789246.4498029
84881795009.04317,2302400989.170525
87927419229.09895,1494099761.2595916
93499995432.31772,783493700.7334625
85147854979.76192,1922375233.209385
81384673958.42627,2172431734.582069
44186585450.727745,8058821148.62652
91311042003.5388,1104726205.3866985
86585717064.82767,1445698305.3461537
85195874767.51082,1341720589.123833
83220254281.24191,1447589610.998298
87921185946.2304,1567723948.3966193
77892508563.76506,2385195671.841802
78514634066.11786,2145188661.1897106
82401996260.39745,2295811045.251487
61769304586.4754,4751329944.015829
78076823699.95276,2286099259.0672226
59690479481.65049,5399704170.768401
75344762017.74246,2392862126.6523247
69673175185.72443,3593210071.1913004
80139076083.97621,1877374793.6779485
83122406657.99594,1483881158.899017
77718371987.6242,2028512045.3811808
80948632889.2286,1669533337.4913704
79890605938.79134,1546440700.0631082
77346789254.08801,1984448841.1151912
53476667958.43903,5956911050.907874
74190935990.30605,2303281448.0065393
29718098141.39649,9093647597.769367
79238013527.49182,2070615838.9895494
75627993453.56943,2147506109.585966
52081408516.879,5633753042.083298
52904586264.712326,5353775819.78265
79382610193.18727,1381726359.5420744
65357897709.63324,3600520711.487193
72467893376.58195,2458964482.2898884
28409000301.61442,8909254694.251574
62004633787.59908,3746879603.654237
81087618515.75348,1030435577.6087234
53528595790.63583,5477364503.973614
49430525508.356064,5792180136.530201
83190578030.0617,1149869223.5152278
65030271757.512535,3148982451.6208982
78538899400.77965,1344710387.8131444
77931117672.61089,1459770778.5619204
68451397757.12712,3147934278.854107
77605832993.50357,1077761177.9492362
83093146407.45624,384004787.1554725
76646966387.46529,1681734702.7289352
21974316022.210045,9441674339.662043
69685956195.92793,1913184312.3786187
76183654467.31532,985311751.9307593
45249702371.82769,5836487562.791418
79873371001.74565,865260329.1080346
36104171638.95866,6883204891.19879
74415138945.74016,1049660927.1399786
75261812768.99422,973473462.333789
33796290009.522728,7115613156.862426
65936945738.78326,2174761651.2629967
79762979908.54422,360446590.3835081
69209842155.29294,1719601915.5266283
78225230923.78987,1046378043.0925103
74574092731.2361,916343872.0003568
75912935842.47452,784589782.1995747
65561039610.60362,2037630164.277264
71401462775.30656,1684594266.9342418
74188187864.17764,842198166.4052917
74069469868.5704,716235850.434891
69383663172.9669,1209336055.147124
40298697807.02511,5704781279.330433
65490001429.15372,1383567500.1711364
71966802039.44151,663693587.4231274
72766558794.11794,863477514.3038211
69757042959.93336,815306821.7746961
75266645616.15457,300966179.21242744
71148141428.25624,639957087.6716149
70010299605.18114,726805486.5728424
23815288026.968426,7382578898.606415
57227235803.17299,2990069431.1242237
23964136868.817646,7568942232.255247
48659523145.93958,3845556490.2617054
66186892648.43969,1192529480.190717
60784855150.97614,1780653842.246621
66745819505.7296,963759174.5601163
33372864053.198685,5988994485.022733
67188787519.94284,794824296.8810139
64193303058.05179,1330625844.6047196
67703655415.17928,645935488.0465255
61389981793.10264,1421627751.426574
22932550976.15746,7204473108.753357
46405412419.46369,4009088509.080598
64962615696.64155,932917495.8211086
67187312358.67666,865387788.6869842
65695967213.902664,705252075.0143864
58101201060.51365,1849771317.9987643
67515916487.175026,586753416.6604095
58119004870.57983,1813436753.5104637
12341688325.755402,8309201320.649242
68277524990.23208,366569484.22295856
66779501244.92397,415046690.7921748
63283020354.50365,1060591500.5905814
64209360812.762215,695868047.1707262
46672243287.47294,3357799324.9405603
58267079306.799034,1593774178.660632
64525463666.236015,615862926.595796
59992308288.27599,1122382736.161708
64460892393.01609,715360265.9881022
58051915434.816086,1397945638.994853
60825077925.32714,1395905161.0479639
37807371802.222626,4653739850.891765
54647578302.76842,2308833576.733763
62847477785.374504,681606664.5460722
62511609803.90828,638127435.0072453
59688725152.60562,976336724.3999672
61204988329.993126,974215648.1662741
62101240349.10307,651807614.1692674
59678314344.87674,1203728429.980173
30556079276.00581,5407349224.974191
55416563296.20886,1496850803.869389
53580913165.99012,1688957607.7594666
64324110521.688805,528224999.22284883
61055748053.754745,917274539.2072525
63159110763.45962,405237741.60032004
61127128832.09794,501151758.67423177
56799463056.002785,1316700419.800416
54696961287.51615,1485839217.5750446
25196222416.23826,5811425506.834929
60849083487.652885,693212570.8808283
27942710380.86484,5618575637.956825
60699533046.50533,938582058.3500832
58126410360.091774,1005272068.5423057
55617481542.21245,1379627146.042102
60354672340.74333,710544409.534771
56184983697.322426,1197429050.3527317
13935128844.519516,7310660849.404877
60955372069.88224,519027583.9626179
59755632917.97733,1106647005.7242703
62661674703.25921,181191128.5427261
62275806428.29907,316057667.3754957
60169162021.68925,356946842.10753304
55360703766.20024,1083315833.3903232
60438375787.38955,517053110.6493551
57537958929.50553,890065280.7354249
58958364559.1078,488597921.2273331
56373884045.99108,919690656.2960445
57204659082.996895,786893071.5466521
57087262849.75723,880448847.530808
56175305639.22147,909640253.5619316
53032938423.12298,1799385039.4521656
60010431846.20289,363256806.2071852
57328841929.49754,709073680.2028488
58891395882.303116,537916867.915384
57175044314.31119,587399430.0049685
53639156386.78528,1230220331.8866506
53746077751.139435,1170304638.0966098
33146722585.198425,4321991723.96958
60093192206.18685,144015196.43652827
53526415015.52971,1183051002.5317616
52791347297.381546,1270305805.5097234
40248499308.25067,3290990703.0838566
53188004214.09289,931118866.0783296
59246134035.739555,245130941.12746328
54026766124.05127,1236373331.6811247
32546350967.178677,4193071868.4692464
56014370890.780426,618237103.2553438
23760698145.16273,5323268053.42123
52235232466.6306,1163860207.5484755
50631308976.127106,1279465715.9500399
56122684847.56445,690481130.9679322
54904867450.88318,516136513.92051244
54398071133.09705,670509770.6461909
55460099305.05432,410214928.991621
53845795232.01966,564552554.3754553
48122345083.00121,1516057286.3452566
46265214255.42,1619288955.907219
51282661015.13223,1113511573.8541799
52420742010.58804,721564032.0344541
51444734662.38599,837494045.2186043
27934367262.320198,4287699944.674368
49585319795.30004,922330591.0597353
52977953052.76906,411495622.89426017
30999494959.048553,3794994975.221054
51927635488.50569,495035463.658181
49536284344.84285,781110445.9221869
52813034113.77843,304602461.65454376
37176443786.72603,2774104813.499074
51038449296.86073,738009168.3358693
54230836386.505554,166252191.97557858
51150833308.38905,654545824.707917
52809508282.17485,466819809.99233353
49515827337.37558,1012077129.2727079
53649070322.63734,434087900.61969614
49261184672.485016,763117264.5944539
47078506127.02586,1086175797.441948
53939078792.26576,129722438.21535186
50655716950.87771,683412568.7852788
49995987451.63665,453959494.1921531
50274692864.20585,567329677.3113236
51816878591.66747,287960749.113963
47833050353.626396,886455462.2422228
36615779783.23092,2348897759.8382444
50631028213.266846,307882641.3139824
46861571774.48714,869380578.0203419
48235441169.443596,647379711.4978775
52032832726.89671,278033353.26940084
48419039260.2755,518956790.06724536
43559022764.43381,1324631935.955336
46759018435.87784,758247431.5443202
49323727565.938866,343218493.73455083
48252222474.933365,398969789.7352824
18440411560.08216,4751697968.907816
48054370439.48252,540144183.2187215
46985505014.46019,556747585.9413958
45234706284.83458,847504142.7855254
48029717411.84055,272707983.1839228
38827365941.535446,1619743357.8933911
47619574168.95944,471918460.84284127
37475152491.33638,2101051576.9689906
46597872900.50411,580142048.0552955
43168136839.61967,1010841839.0777831
49154552359.359764,414366210.47601706
48781339884.01849,371147046.8086603
47018620594.09575,514273887.27946466
47144106556.523,401413109.69235533
45592979907.5169,598981549.3229313
45877930057.35672,552184826.0903324
43778004980.14789,763184704.6964989
47980860061.00128,225689483.4949355
45291147465.25792,631675618.8058007
44654656035.574425,795669236.5130045
47415562233.21767,181423134.8794189
48177134071.78386,217889396.27522075
16581851678.333921,4766428917.73248
47248684393.74022,319648695.8445946
47464125757.558495,413341319.0627149
45024842360.98984,465555847.1762267
43362388698.032814,758796995.7072874
39752495455.70234,1196367595.6924343
43089787659.928116,744793528.87908
45349625128.04562,502756630.7519224
46791504646.76703,337829251.63736814
45555494159.91933,359784154.0810085
47731971691.41654,223631848.23348346
46721832517.229645,386337110.571844
40561062141.84736,1004675397.7973669
47289085967.50151,165410168.28269425
46276359370.085365,278390145.3166275
37115868248.621185,1443927256.5646317
43056720716.00871,698690284.0368611
43910369715.00172,490054186.0203474
45516613554.09031,240212730.033597
41420897459.63236,704582844.5505235
18072493250.75589,4131275489.6351023
42583496388.12889,621916674.77518
15085656209.157516,4497764638.524879
45780436356.89286,235610688.57604688
43741418170.162865,420878577.7400001
43775126306.509094,428867383.95605385
44786710011.156845,439764120.3908372
26740641253.68176,2793167973.9337306
42692547787.82953,478872514.1559565
32258989176.58907,2020280277.3508716
28103262832.594826,2406739200.12274
43396361378.292336,442176394.35354674
43956821559.4576,271168705.2586502
42179969236.65262,540377008.8771774
10347071641.654585,4935396230.8324375
17286918203.069187,3979427441.619014
38423017291.97068,984848371.0817711
42715611011.84182,258811018.00594908
34997573600.704575,1446739042.6942885
40228961937.31206,718391453.5879443
41956308676.111404,432623623.1500451
41358597710.92047,533756334.0591012
40035539380.87965,448811829.805359
42394975628.09093,248160796.46118924
41391272377.7384,335845086.9374507
41550409524.56013,438671511.81915325
41044845005.15344,545501326.1392641
42435315160.05369,234390817.37639844
41979327272.53847,321402887.5131975
40876646977.56577,443734211.9771532
39418763763.67184,417821991.15514183
41943853347.04272,195539701.08979332
42590128047.172226,147191833.73954684
23125191225.5023,2872469870.1168537
40427060076.087166,287023106.6244372
40588555475.54193,279335530.5486177
40028617040.83722,384792252.40665126
41256077589.95775,166543899.0636878
41198079916.0151,184166657.3471998
40699118162.15368,294547612.3377179
33710816634.329933,1283696528.1357503
12686958743.494057,4176567065.683627
27356985147.54287,2110254466.8006775
40938736559.43611,167399726.25708348
39845499401.00008,346324791.83125263
36234920200.42815,694192237.4314917
39761099629.01474,194668083.90267727
25077387230.69144,2423930124.082275
40306883978.880035,307496156.7599331
36357404305.97231,832679184.6006566
38970587920.101715,278146883.46997476
38863314741.319496,252178368.30132288
37404396665.679924,403473764.4302548
32725654836.322094,1227925444.7281363
38929004658.84248,216348934.3022195
13152143345.057533,3900877297.112205
38661719279.62097,254663938.86445853
37708348636.70798,385250089.3587905
36653537020.579,562694533.3810928
23122800803.669506,2531559551.6273594
38280928519.82556,239821761.43466493
38420338419.91673,272694132.8263401
38511025589.095955,278306151.3048401
38846327035.90503,172739570.46979523
38958332882.44456,166132700.36113322
38484308463.664276,126033658.34841368
38881843686.39757,67831030.56711236
38415077027.25582,168150769.671805
39276549161.30001,213751877.665295
33419340768.91206,941990823.3739947
33828872229.003723,763373028.1640298
37940934727.41663,293639848.8645339
24928615186.24892,2150186443.1273713
34155509885.947342,685909800.1620251
36036923092.12711,357177558.54497075
36433882605.57418,342617316.06538075
37177685969.60788,319210441.6459148
32344452564.517986,937553004.4565809
37049053853.45588,178184733.50773093
35965545541.73392,337382359.40355694
28778907669.97327,1438877184.829473
21683284280.531555,2430722845.172529
37551721124.95427,131888846.94547829
25225517947.54835,1989866706.2512722
36592152915.70771,171030043.8347745
32966562193.38677,749260197.4252193
36607631607.045,180596985.3060717
34132492975.594227,518045777.7714884
35699585301.352325,292252050.81869864
36951055880.4404,223845974.4526475
35762665671.146904,192796431.52101782
36882297547.40892,154637026.0569672
34991666989.67357,386819471.32902056
7697879341.547494,4216956557.197445
37377581622.239426,90512632.9680062
27349127550.300438,1384276419.8316898
36541218202.89394,110731390.32648383
28020133414.96016,1437154126.9941087
36844595399.870575,130601658.33014593
27255224954.159145,1351589458.7523694
35807113389.63503,166980218.93158615
23787946641.174816,1900823690.5351684
35005291548.51441,377852911.1501049
35149054241.367294,375285271.9704448
35978955089.84979,177751693.66591305
31869472837.990665,640508986.4883347
36144686561.87525,80480122.547524
31541884874.36498,438036216.7999735
35267455389.74822,174631226.14073956
35070681872.46138,183380294.86058146
34955856975.1397,199189728.41445267
35417409087.90848,143918161.5553606
34979245077.41301,171596621.18346238
33268373788.556145,297132597.71781754
33211127274.752956,434519051.03974354
33258477144.856224,451168736.01431483
34433891137.283394,205211495.26103854
33528642077.929,198535954.17316362
34419358309.89669,145617389.33699298
24637739321.391594,1301904961.402544
34331892941.892254,193368710.26586142
27885060506.743046,1031446682.487601
33665912915.43403,202305255.157461
33863825078.94888,237530114.4602498
23276551049.472248,1631584583.9877226
23578467184.094143,1554750257.1803217
20650519276.282734,2151038836.836569
11871082994.605635,3233878037.8796673
31404568543.313496,658121020.8751526
31847114621.142544,266926490.1390142
33481555510.520554,172595111.45207644
34792109558.61571,75644642.51781383
32670307568.37915,244846154.6381309
33247394103.814625,209344839.8336537
31164613165.42716,346787555.36958444
33082543644.76204,238863281.72709173
32994741742.753464,304552211.4314482
33636618128.466087,157567117.28717887
33692341091.27445,140163270.45029575
32494508443.423294,294184232.07434976
32368987253.49336,253609874.32350364
33582652073.019325,150408988.5207156
33098806830.288883,205879602.7164005
33077992559.944736,212686432.73817807
31259375442.160145,426071782.18837905
5032944232.538756,4065230066.696652
33314873544.88903,180781164.96231514
29364109744.528843,802978934.6557044
33082086804.62277,169881221.48809266
33087677092.548977,94803985.39139408
32356637697.40704,202119828.09662172
32895404975.208355,233127011.01648808
6580200137.180563,3782170250.520072
32317995159.778046,147217956.86077607
32169223527.816605,197404143.98290804
31173480395.101444,379370324.05164945
32905181162.468536,127327179.2897112
32373505502.04528,181159083.8081587
29284123571.712196,596290699.8437405
21162405318.391674,1677271383.1301503
31484562791.12399,164839462.84536305
32257920653.201412,101017286.76886919
32813195017.360783,144338106.79034317
32361185622.725864,78443501.33205444
32411631350.20598,67979498.11299056
29347421472.990887,585200773.3168111
30012060587.12217,356302831.29659563
32266405013.46939,102157500.5949172
13597978202.53871,2725265363.7535257
31434152091.7536,183954212.80159238
26355002128.38653,865240135.0400766
31990486046.545364,139991075.137676
31755942981.888416,174028224.4099906
31601107413.598606,165271940.05346996
31869093286.25222,66948552.48698638
31948791717.29583,101284785.70336236
32205531052.116943,76016223.29713106
30199824859.237637,282570577.3325565
31048544827.602062,210052070.20456296
12861464074.90795,2727308423.491888
31419154624.64601,110774273.60663
28727452916.336403,464175891.030515
30437958790.39835,204474553.3931712
30160478673.969616,292699214.90020275
30756472317.40648,169005748.78536776
30380012028.939903,310640342.26318973
31374925276.903748,175377844.8469802
31993639962.458656,86299727.65457003
30938687466.84544,174425687.0791704
30586303515.205734,102696193.27488624
27723432744.693275,609692417.1606817
25452797484.352833,1003116885.921624
30367912299.08027,187996228.12035525
31423693793.54013,94240217.68126498
30795307534.86357,155819623.15752184
30534890200.918278,167865822.74035102
31336931309.255245,127071662.33975436
30242338704.406906,180725156.15160084
28719202940.10272,167003044.611627
30210140277.965023,156825740.03103822
29108015325.68634,299477388.6140776
30077497820.126762,61487084.86341543
30419811133.54393,85854068.29779725
22524387160.579903,1183538211.05467
30290973377.687473,87293903.65315223
30136321635.42568,146007687.61315536
29765108508.599667,150105080.5503185
29736956028.476044,179286235.6316897
28827045818.80875,227305282.94147238
30148350845.8834,90590308.14172944
29355384242.142323,236578016.73000553
29096282810.18392,261799031.36001846
29427554118.394432,228379770.33696133
29796636884.426964,127523785.12627065
29129151242.642242,124444150.6374103
27997044852.028038,342151699.1503878
17621293407.78743,1773702418.6044362
29178878525.86228,136947088.36611143
28146197702.607964,211194941.69972962
28904484820.934628,152700877.92503813
29143436491.014347,87655166.77891605
29207751337.27758,133033083.16407348
29279952711.667507,34190512.30449822
29042934606.31867,154185104.39387766
29308351190.873425,50516438.07172397
29006068158.882435,58438492.05140854
28642838725.905563,83741792.4825095
28957375185.21233,88459042.40853843
24987772168.62651,673336693.7582858
27602311382.23258,173009097.69099316
27894654406.759914,171729279.52788225
28276643379.177296,203783404.80020872
28834952465.92709,49914541.87910378
28812596645.99812,108780355.39972562
28187533579.80026,73531655.87115161
28022804836.093857,149930369.362513
27828318826.55016,149578385.8987526
28747557853.56143,86066915.26986659
27328242239.907597,226895896.14929682
28313981986.93237,169553537.69879597
28766858607.090416,37023129.83565291
28455418356.422737,67970841.20515987
27865017784.313995,131599692.60754332
28196726296.23503,128143481.2619879
25517821585.43627,513014013.34555733
28371209446.604195,81414959.52948448
23968392693.14984,738203057.8818877
27349299711.490913,153967186.47535497
28163669862.07074,41830753.40207284
27743811031.261765,63647730.86802167
27877114716.60338,100722967.4491154
27542524773.947353,117745886.78166026
27893063785.2937,172086842.64092746
25668323291.466427,237843150.62058726
26247990535.42233,291217228.5040171
26678400901.523357,221280923.62362128
26894710129.11016,161642698.79990876
27593910935.81922,93890819.4871633
27517212287.39224,97793143.17572129
27151456241.37524,156838918.0418026
27417547442.321655,69004536.48742144
25252692285.630592,476632685.741832
15088360146.660204,1840482184.024565
16380494411.248646,1663073602.4655924
26877894486.754353,79484310.27831915
27385873430.66506,51382271.467325516
27235675099.04743,40630890.3791305
25527147002.468346,203146708.09971574
26542278249.51849,92223200.82752836
26329484511.075035,104168364.72073813
26438633056.82063,106161827.54778525
25753652106.332,127217854.96549281
26363675988.05976,83203715.26530246
26241969579.721874,141499920.20334595
10005176265.198212,2362472236.4382176
25476114309.35272,133997957.43538037
26507350892.296673,55027851.784428954
26363845340.34738,84208967.38648969
25305989044.66267,200528293.57722902
25095052896.14993,313696919.38752043
26359375310.011887,76202455.35941654
26217595644.70281,82088035.97934827
26181563315.360516,77400204.55024016
25375602565.16037,105717369.98888776
26352813035.563057,56297730.87397777
26185577979.85166,23394729.992937475
25168433841.794773,238460067.4266652
25975940934.316227,59331693.171634644
19052911256.413727,1083922071.0912817
23228904396.412457,512051967.3195498
25602397360.940296,73639972.24332681
25410102404.438644,111206701.48804992
24771518737.073177,224544490.5584707
25651574240.29696,102770164.90244079
25484788278.003357,105981122.11576313
24892990143.209522,67101361.26833622
24738311847.982117,118621651.42404197
24448121811.64407,156505480.5695784
24580192084.593243,112130821.41916
25230614011.21913,99583878.45528434
24885885108.292152,127324491.76414816
23374788233.722595,317173445.41499007
25052699683.072662,79584461.32743189
24584608526.36209,116333580.6430698
24861788111.088985,90827573.48524447
24946498016.065025,74055281.90955347
24779806042.52847,68505499.33101988
24566759285.418976,42081576.248201646
21372934058.557606,627784004.6694418
24771850034.81513,125309760.89373866
21258379419.25957,627130530.3189359
24826743171.51086,97582476.93299593
20881208642.76071,633058642.6355484
23164958342.307625,314351633.87193555
24855855970.80506,93891520.25701275
24522592199.405746,113353199.95223261
23686656909.23886,119756450.66784334
21337373545.736023,559617864.707213
15562096496.890657,1352227799.5848072
23790798654.310913,77153744.77236699
24334854201.748867,60088620.17106726
24261308268.414787,92077302.22766751
23828957288.940563,102609293.84144652
24280106559.75167,45952532.23264526
22334647972.571873,314574420.390766
23867196189.128986,98361146.07982507
24013543081.167587,82083719.26733284
24179080262.318935,79484717.51966815
23739888693.24943,62681651.38627966
23660278014.171314,96990652.33385941
24011298914.156857,35603087.693367526
23670587396.94734,82711554.75542709
24247906777.525333,18664031.179027595
23198700614.199577,84367313.6367797
23905962715.069336,71788190.55504248
21304158239.010075,343354172.34293205
18560517468.470478,821626433.4054646
22870771507.77647,165056658.7346176
23594289515.95322,50565977.933190145
21088331693.855663,470488825.61496645
23561435536.956802,56847573.5543271
21986611097.790886,201305058.74709824
22209919086.871853,306180969.64559716
22413709409.742504,242837884.66222307
23431465892.998035,72636383.36856404
21050989909.936523,440780429.717028
23792084879.168236,43367885.83233619
19297953111.758736,402452510.68137443
23967368055.73392,30658952.076819018
23242426941.478447,70895627.31754373
23053574538.152676,140652288.127285
22904279012.712456,72619834.24262254
22974958857.90418,68293685.06932245
23360213172.56812,68265933.7529411
22445637637.645664,193929626.6751883
23122050668.39636,62706513.41122573
23027355279.26231,75724538.26286232
23315472912.55192,30644099.93259725
22455984232.991085,106328353.23421408
20470618961.48517,264460624.76010254
22639248870.79391,127438504.9939127
21666092110.649193,268117064.6542389
22845490142.233315,109431168.94487381
20768990294.71899,380195443.19427
19936317671.755882,446721668.25501025
22512064981.595837,72023968.35406157
22307530154.825092,123565779.08601025
16003376928.202538,984759027.0016968
22947404073.415993,44014679.668701395
22556174731.419655,58849456.4824224
22315018038.994633,36895169.515360065
21840435063.07204,82024927.75241342
22437702822.419266,17434537.154781617
21897769339.91427,127024549.99649754
22315382807.285618,54246583.06144026
21709265011.44164,143988035.34447312
22263254274.50171,52240110.461446166
22055333985.62046,42648435.820422105
22365782863.127174,56556715.23339835
22020034942.93525,42863349.781354845
21424938163.656178,145922941.18719214
21089948962.347027,134050527.18021993
22105622020.600723,52503600.49474708
22034726810.7104,59481912.36926983
21999223316.558178,67020733.95750373
22062877779.6123,19528791.88756966
21686191629.202427,86599074.63169602
21283526406.096405,125794769.81114998
21720663313.957253,65979185.328536406
21647305422.437077,44281343.74184992
21404257668.84495,111642272.1401838
21745396968.371235,47127729.45628506
20811600698.413383,166570231.1420337
19712673326.441666,280876179.3350909
21963386145.53645,37598680.04063732
21259793947.61705,104006165.97364219
21179030766.74124,82717837.08117369
17493114731.32118,584283343.56761
21387572573.726658,64244263.01053099
21647172461.925682,86071193.0275808
21306867057.35062,46098772.58241104
21379604333.495773,66328216.074914254
21426690116.032734,47733383.381550096
21383032616.84208,60533524.422992125
21423401405.36405,38274979.38038264
20675345132.14974,141547045.10192153
21357477862.91827,46203164.621323735
21466353725.992294,50583872.02908892
21204189127.418896,65920252.54469335
21437937746.810047,43851483.80478509
20388812985.860687,158177869.7184264
20877147706.31061,120627735.1649172
21361206875.40787,48969155.64545131
21455457559.942017,37568578.78997235
20479165923.20804,192438815.20588872
20883533617.526558,76408321.69168946
20609220944.491493,142180121.3147741
20777496848.162174,43249052.13041012
20988565285.49575,83084658.97329044
20722778876.317463,88956532.38699745
21021162368.090893,80651761.82358788
21018518663.20503,34062058.15087802
20883279197.54879,71481582.86643443
21129112896.390144,29543164.54916485
15842072776.727253,800797234.7665882
20847234768.53355,30801336.337610632
20988958934.922924,34446197.06742952
20039658549.166008,146264356.41257906
21075061888.77253,45407511.222998224
21059824952.97869,31813871.579883248
20818572023.976624,60195404.63546892
20396071013.12611,115976442.57678434
21084160668.073856,15527573.07898625
19338196716.019108,235367652.73894784
20721614897.901493,51334669.995100126
20575874950.24005,96428919.00675902
20840467013.74474,33473200.060977686
20207452622.63931,103753943.34245051
20568140328.05503,49654188.43384268
20625223996.87315,50334203.37769833
15613108706.223047,750863675.6725566
20666794425.919617,43221127.93402472
20251914321.894547,47618682.64532651
19973259606.693947,148789574.2614733
19776288092.686462,94572874.22647807
20233025790.15908,35430958.942934275
19735314066.71659,76986706.4800778
20153165203.533115,53052137.45648504
19941188615.67023,86618854.04255
19429625810.995834,80453769.41009183
19995463063.49839,30071394.45543802
20134728050.794643,25147748.15889787
19747080964.833374,11528351.850977233
18300869982.995846,310829528.58679926
19779636585.945824,61941277.51598371
19193426278.31171,81753250.68070227
19919652858.499523,47837660.77157813
20218772142.57445,18812898.322535276
19928857031.98562,40029725.19274502
18038068304.11293,334731123.74078804
20041737406.46344,27284201.06245452
19292390365.134865,69394838.42828622
19747646037.86145,45290799.43211538
19252549588.146427,94233512.03576256
19353151765.512447,69959485.53228399
18910609997.677372,109624720.09828308
19633423088.110752,22918827.373964377
19742913423.993572,47532352.915951975
19456344221.715664,72689904.01559806
19538203391.441814,37836841.55413744
19304587043.16626,23174392.945990615
19375488858.870895,93316095.62939404
19579963772.088795,38218267.75159219
19574208864.15594,34846134.153338104
18931451777.636784,60272292.59243268
19339394125.045418,57091580.73789345
19199899975.383873,74915698.79211797
19361048631.488277,30532656.298203588
14904797172.39862,651529205.4917305
19292105335.773518,66207645.93268206
19210184553.053547,48778867.99760263
5502400269.517452,1931284083.585763
18688998658.841904,38647566.64033568
19134432185.441357,32218363.566192955
18999530627.078617,63778204.06887543
18952560227.078316,72421357.05220789
18850086963.31474,73446635.43183261
10111167468.934444,1242036622.427116
16172005148.987236,278558482.80981517
17636649899.343548,224791003.29664722
18507684326.420647,48634195.297684275
17615532478.102642,161124259.27561104
18792815478.51265,45029516.23009625
18608148634.39087,32595655.823914982
18287818329.688297,52151276.814661235
18361273674.68086,68731288.75742197
18473734821.452393,34736270.61703639
18906890090.132236,20058048.04867395
18348445771.1355,59088150.04439342
18275950832.209446,48252288.772073105
18352406231.348553,103871516.45583262
18141913497.45702,105971088.38511416
17712813831.36174,87283851.79586975
18833153028.330795,17969651.182054084
18694916751.12646,26478234.47315383
18505703837.00275,48093904.893820904
18043129230.60678,58974081.01167706
12085265937.525505,820995754.42608
18386550802.4119,49282512.48969944
17893797151.808388,74202355.3349418
17617552928.32314,106591157.86109276
17935409675.77842,76164760.45853877
18257731512.431267,29856129.32897477
18297304989.456795,15102065.651274865
17952933164.441097,87375385.01234332
18575078407.236614,40929632.84960758
11778521620.139147,836540861.2201414
18487588050.68001,29265147.127828166
18243877102.219624,37989629.9188465
18400115110.42294,10681751.490533922
17922187401.425976,65583693.94802279
18437559885.431923,13888094.0318482
18308559186.538025,27830290.22404866
15171681442.672243,478294735.38361853
18337928630.270527,46001703.51692703
18316672378.079468,31621064.032929562
18200502076.541904,57064923.44397847
18036617673.221302,27678724.194745913
18198830648.405132,25430573.07914237
18141800097.869755,23752931.227036603
18238290878.362022,32257656.412021562
18108714675.81971,59224147.56132522
17376958247.82895,118881096.39268777
17870235997.74939,29131351.302614376
17960043416.319653,63180729.935512036
17672313367.682156,48705759.57498166
17678573198.79465,61452272.37013516
18066890287.02476,24792919.058908187
17890866612.1167,36357280.86280703
17932139719.0291,34009909.62230347
17817781670.894993,30100019.086634103
18008932370.909935,22427675.814340465
17894402820.565163,42525846.71385253
17618377014.147484,24744647.339901283
17817949733.124474,50391433.428898476
17327868401.157898,96059197.27466682
16294163697.789255,254462774.03449857
17796306276.260166,43541721.73308846
17691219683.852226,78449109.27657205
6477016647.688961,1549947781.5881858
17790626085.761528,61564707.47059224
17728567963.129955,45427432.78009385
17785360769.468525,40044768.95496378
17706850739.609283,39895632.7546017
17540333132.053165,55753155.56605783
17247928876.7318,100577180.05103931
17526433914.323208,54192523.55117771
13525929301.494152,612336447.2206647
17583055669.644707,52711646.6479599
17532066827.045425,21841983.623191103
17462597269.500824,27019703.98896851
17299070502.77383,27503235.09182421
15471930258.404396,340273137.9688426
17456951799.135296,56691674.36502323
17382958403.90133,43346977.09905498
17472479745.558,31717579.807793994
16369100495.609766,81287731.83535606
17321685904.097855,20476429.820066694
13766871931.022339,563251938.9226284
17070343205.624254,114320919.02044487
14165440720.099777,321646688.1850847
17439101521.188473,36797691.16030039
17280537300.724266,20636841.138791695
16907623055.672466,95386335.32905644
16872387155.025476,122523077.0878126
16623852902.414104,123056059.11833873
14607063416.022493,409500879.9462544
17447699124.780945,23698411.452949613
17267712824.02105,11805195.324104436
13638226184.42598,541194870.5447212
17318737790.123764,13709625.183931999
16932591547.970474,55597014.82071057
17036379889.549767,29706837.287229657
16964339480.591238,68503365.79724003
16353220378.446995,95155231.67660765
16598304928.842533,55248101.88708863
17071102052.022793,57445896.302894644
16979224278.765491,36692690.85677818
16831807818.6469,57198844.06595217
16915054103.59261,20316443.544647448
16586338164.571684,114257047.98622444
16433771745.53085,120583224.47367868
16857457332.566282,29999078.77944321
16786839475.898478,34315318.262426525
17014314078.480288,22392856.10218366
16680654672.61473,41668784.99240258
16786871552.168137,17011630.432690363
16980063430.951626,14964995.502547707
16305609867.60445,104189577.1511191
10397132989.87446,922078802.6664186
16827297141.245787,33196733.52718804
16137349397.612032,151077576.67381287
16918896136.346874,29616024.062159576
16664557692.96773,11719932.33053375
16689790659.031576,68124184.02103518
16685446671.934908,50828386.72039996
16658584268.885637,49178782.06945649
16843625421.247536,33686480.91861305
16529939836.729263,40669745.01842919
15957428472.80106,159003059.6682092
16906659412.830967,20700817.123042554
16438284323.344387,67819758.83022317
16528148983.799282,33112799.884550855
15734490289.633268,62922577.335737005
16548299969.312069,37877652.69894841
16649473279.51091,17386281.25858496
16587579555.922731,18002228.16887888
13359913121.039948,316898520.38420796
16348277335.733812,38856625.605380826
14950372008.61729,256985301.3286648
15711642231.468882,130360784.73308653
16216142567.424671,62184260.95923671
14311682809.780603,253118902.39992326
14584118891.337395,206011991.38569856
16309718340.235662,20735230.726764977
16195247501.252104,33139329.342178956
16334175792.478716,16171825.504685163
16254501231.59678,31377327.833554022
16134369697.51273,39121183.56611833
16103138954.604225,55795506.13456358
15999872021.389923,30736833.90038169
15610975379.065401,90426754.69818991
15967513923.063328,38495324.41990381
14048012159.176674,321316993.53800726
16190763109.01009,18278012.784794275
15961840241.179766,16555303.70406298
13018172967.875338,419001949.16568637
15771805127.344543,98836701.37412447
15974842488.192335,14585477.792987239
16116239126.440372,15144709.613574766
15906539404.68804,41183730.47863281
15937513691.605457,28271514.579397
15732859105.589918,42448682.201383196
11305364296.945675,680513776.0408629
15007015956.28503,116738273.56974384
15796217906.85503,32074287.224918842
15824786249.396673,29921124.856919363
15816524641.107445,53023740.617110826
15723037481.280489,20116239.01178351
15643796279.953709,20442913.049498886
15786556057.936567,23678145.600345217
15510575891.53946,23845913.810856614
15592574160.67162,16160351.16950784
14936376938.292349,105856005.7599597
15689731914.523382,14973939.255373547
14293966711.382002,198329832.43082154
15029440460.712202,90870178.84900594
15549368397.055925,40937153.58225933
15342713047.038155,23463492.71750859
15710491051.31623,24729210.3285196
15502117017.117886,54874607.014022276
15680589728.079437,43778726.21956387
15541420976.375835,42914996.24224718
15295819502.63422,69630818.89467365
15733544166.189981,17099288.69094452
14453773007.823076,159575918.17864302
15647366477.594675,10805145.90595643
15069049172.9774,50602790.8876874
15535581915.567558,34700953.4379359
13870385665.011444,217442092.60689488
14833032865.790195,106157008.21890034
15081210633.719599,101745752.61184624
15181682972.330755,72166268.99332161
15529774358.540943,11602316.08695484
15040326198.898441,21556940.01750967
15229363314.181072,44880550.39867447
15381803023.407906,12853956.702199921
15397858301.20781,22730050.0946959
15353433498.231554,22161542.010848757
15461885225.827082,14106367.999868613
14773441229.343649,73901953.32073677
15404772336.198727,14436221.023570936
15320834212.915401,13886581.431978885
15130373152.872572,42305622.239931576
15024532607.106962,20283476.87664991
15333346084.249052,11190577.609313663
14635284531.580133,85304389.84170815
15269848454.271986,34962264.555246994
15214544784.816788,10543192.419161692
15062512963.166538,29259621.599393368
15006819289.326347,43061821.54897708
12423976605.211555,405536307.9889277
14761941583.30687,44403239.24909048
15017257722.65263,28969604.65061417
14991589513.469854,14373810.969071575
14732274767.795845,66598991.84743857
14949542191.343468,40668730.48304692
14838928645.187092,67759282.06684892
14920635855.462076,23111423.46309962
15077043139.052979,18423415.57563524
15028896890.600027,18397146.546749763
14954249138.609793,30473441.460074358
8028611340.9175625,968434620.1171808
14947839901.003548,23109091.90068409
14968973723.131285,34085137.93537304
10737275741.448578,596477781.2603877
14475887299.879538,47215784.7423868
14897904831.547844,14581826.046575207
14541804149.069344,19760950.26278279
11788778949.382177,404451350.6215904
13630660279.37452,151633112.04621792
14642981129.735317,15430393.3850828
14742440988.717182,37228359.207418576
14751907379.507198,17942627.714944217
14564927909.143427,28647330.79446947
14193255559.962704,48307410.74207771
14455652585.27046,44090304.954354405
14435902622.27593,27787091.268303283
14385516787.116873,49541182.10955694
14504879748.623508,54825234.758290075
14549920294.029335,22318292.89978584
13401549712.785803,66871213.06701033
12047405627.624798,384991915.592855
14560411807.088179,30538370.82995139
14619992658.837132,19600322.76461052
14621302033.370796,18399450.376935765
14306763719.672806,64006448.92187081
14623344547.299921,11758938.856376404
13621536546.275255,125155966.90498772
14479793488.813644,22467700.74405425
14403516959.280632,11244871.840137942
14459056717.160692,18675923.21774386
14172830378.359873,50770338.459627315
13558266933.694403,140025297.77275494
14242238162.489258,12086827.965719463
13817521100.539104,89987189.62751895
14445759973.164562,11401186.919626597
14199733065.14767,39368401.94774943
14218819054.33989,19841612.963380355
14380083009.760094,15788389.620358288
14055575379.085838,68830800.92559904
14244805721.591198,20692662.562668726
14039687644.699251,40324527.728205845
13517987154.50042,99301470.0642161
14355379382.777716,14391526.06101026
14087325507.032581,22716947.567820445
14042912161.870985,13536398.573629588
14203943036.09832,17250629.85742411
14192245567.536879,17586973.055253204
14196857836.0459,16006494.117480446
14118694482.539633,21806951.8591265
13491371738.407341,92008354.57896674
14123849400.267056,12364390.390593762
14171995809.935827,13308936.536987614
14117811048.11725,15275739.787020542
13961507748.508764,40029256.10047634
14048102229.631159,16640863.12404677
13772275960.452738,52161641.40127416
14126729348.116999,14607430.330913775
13315945517.419786,109338639.41290975
13921785195.32044,31459539.908843156
13048512797.398127,159019516.78283387
13970013457.94439,15534465.29618009
14018131503.234556,15944228.312713556
10793337031.378195,465853477.3421736
13785903144.764442,41604119.88521697
13875259448.555498,32494849.490783025
13941165161.250093,19436882.64361663
13648857307.43465,48711590.26156157
13907022309.350103,28427872.740726355
13772587535.94076,21639148.07924161
13798192921.106188,19538506.947994538
12413415285.271185,213086631.84512693
13667172443.160791,32529311.01195722
13819120492.567282,18538974.442854766
13161109684.318102,109555187.61005448
5626562142.380557,1113501333.9158044
13680479943.535103,32291287.278832756
13690134429.593254,10072912.020120915
13444555541.771719,12358267.743632982
13700440308.43368,19287483.49999416
13737010574.6672,10783040.78377633
13646207499.603487,40566778.30696787
13078317608.732,76621777.92312261
13412727222.49467,52798940.60163745
13592684266.135803,23539481.053933345
13670653665.823875,17700441.249477066
13578904175.252876,38058708.33974087
13537108515.62122,26702891.98316873
13403603044.65044,16910477.721282862
13358314942.881401,36813537.78593448
12578495896.338324,147565863.18250987
13541287239.460987,15890069.693147957
13564386120.844536,17390419.049536504
13530396594.324589,14190600.604160711
13298901559.545435,32947035.78959682
13421536726.446896,28855644.318980835
13427828751.893948,23359459.39804171
13515133834.333181,29185860.248386562
13386540880.524225,25368542.343792014
13479148490.447712,17515296.474342536
8142926805.696843,732963697.9955122
13029625060.733831,30541225.861082166
13331699410.885633,11565329.969224874
13327090583.939734,17601296.649914086
13219632594.215702,45287578.84605713
8739101310.210234,641700471.2209947
13298431961.844875,35141039.1277656
13280766633.74625,21124969.367295258
13233316767.371418,22188261.40782601
13171892978.335924,28852174.46407951
12789119823.04908,93338766.01378515
12794430698.552689,94114722.45533358
11538814710.239239,182758275.9667148
13060674653.016325,41974665.00098553
12517278080.243055,116964789.17367758
13229470840.810413,12640689.878198713
12958073024.616646,11340506.646106105
12172181946.818277,156454233.10186416
10046393076.327105,439100443.1910928
13097300538.120337,31124861.622270316
12890762047.835516,40925772.39131339
12951911293.114346,47134335.236056685
12622917080.830261,88633816.51455209
11127708907.696974,282800049.85049236
12878322045.091076,14801959.78025428
12935224427.44051,24339062.743814446
12976472156.520237,25157424.883288927
12400085320.019045,112421109.80460504
12576028354.542854,77547626.23633833
12661885992.651089,12113923.317642016
12938855717.397415,14635704.763701558
12705707238.685547,15959411.875902593
12603611960.405983,67236518.9985081
12953422529.735096,15097562.86839914
12944639269.524963,15304719.877078965
12677663475.68882,31676479.054781534
12565474141.130508,76400605.57962611
4487558854.222543,1132771202.9114785
12722464878.753428,11994948.339884292
12741594005.02284,26509634.171743497
12779913114.42825,18546753.77017095
12828473781.233778,13091320.864881337
6684162501.650233,850073525.6589081
11758603699.277985,171381242.22326034
12533260793.194832,15024164.540532008
12856790857.780079,11211119.758373044
12498076054.829361,21790770.12564468
12604132563.116718,39087922.944777355
12658007311.81594,25744409.964864254
12709284821.123228,23140888.81709177
12674889082.87334,16996527.714010537
12668802434.985357,17183356.99844222
12572536220.489164,39647967.45888673
12558924599.032166,11267682.996075543
12677577530.794645,18311884.458129153
12655691328.73764,12944062.698425768
12574024554.516024,11337454.387669485
12461804824.656992,59055802.23790167
12552109714.554071,20826945.3373721
12646352218.07705,15595478.605143555
12642293282.530281,12636179.164920818
12532169759.022127,16891085.594520144
3912845296.4913836,1188394237.4369671
12482040695.754269,26969498.685245827
12442147622.816742,24885932.7218914
12253283945.957996,46003276.27179816
12404017943.795141,17063540.268594075
12369841179.768475,31566143.321058035
12521455614.09075,10576847.41221816
12353330894.974922,15667547.025981914
6345208763.514473,843863039.0146536
12414546934.777538,18536735.07136444
12348612925.489239,42638776.60785116
12343511455.636358,15211767.432932004
12400914848.900475,14027062.41006614
12488838519.039387,19558203.258872136
12185047908.194391,39054224.89751224
12339340909.750957,15025791.519873364
12333125991.904688,17938827.76050665
12058694299.000124,67718909.77792135
12256911496.298529,22577412.348909892
12387564119.713972,24054025.742196135
8885423486.480404,506931181.6596639
12254675394.261566,29514624.779489182
12135348187.280512,23632198.967489004
12055517843.864937,35613945.05983539
12214467005.639368,13710518.773773182
12287064635.370733,10179778.25470591
10982187852.426397,196955831.71663955
9368771659.41591,282322062.6859337
12190453678.289349,13079227.682014257
11261624877.367247,156815888.219532
12149631184.882898,13735924.276502345
12130767089.427906,11745204.349673107
12078874345.115896,24674446.881082363
12088139297.162762,13923833.076567166
11741271668.581202,45418476.72409183
11732492204.08744,62395945.78544162
12059843572.274448,28518503.39730018
12019661412.362501,22088728.871364273
11970208431.550323,18552017.9890911
11274484192.01978,132886513.18106252
12072945399.464611,18867913.356454894
10506555296.612185,228915464.50285685
9431404680.767855,369680405.31928146
11953440240.165253,14732469.358388033
9612395341.354351,340683174.66714704
11334531946.676497,71203240.4540392
11839199076.34973,27128289.442176178
11965510459.343952,11328169.005828982
11785464980.962864,23252417.302643824
8589433193.309986,407966240.9124932
11716369679.167824,42192944.59558484
11776338274.256378,13588731.066119589
11812372563.212788,10557776.957212385
11278728529.962317,76740130.1328916
11555079571.388212,54566840.46431133
11250870099.618032,86055026.44683169
11748368472.804956,14008866.582398104
11713175943.140577,29535271.37429385
11740758357.864899,13125993.039090136
7051741541.4257345,651061685.5738078
11761639786.667826,27068780.018620066
10261740548.62556,128044338.07511416
11644676818.858147,17490659.229323424
11709033805.240635,13965354.165072601
11711011482.54345,12331537.304192431
10244001813.598589,219310393.44378608
11400176058.027315,59342907.56508444
11637930914.365177,30052670.741378613
11511898244.982124,21001267.06506139
11619292226.758516,19237562.067365814
11041181695.603065,107006281.41846505
11648839284.022955,27114324.584231153
11049494184.88286,32136949.922827
11618167390.431293,13351318.909998223
11621379647.422333,25890290.016702607
10033792545.466661,236958139.83389494
11394419682.652292,24910700.493869543
11411489357.463451,43937833.12874651
11189693712.575775,82342400.50301895
11594969308.431082,13187831.62452628
11637024190.883413,16994596.136073355
10599766928.196962,149289581.3240209
11483379005.56337,12200756.644824285
11505638128.31298,11423121.690136429
11401259088.787031,38966034.728947505
11491937203.13599,19121424.98195161
11517142203.627893,10107222.352460748
11302915581.140894,19320239.055574045
11367848559.97954,18699690.094216987
11269107061.802008,17352988.922543325
11037181510.599777,73597124.35639971
11382388151.453556,14074802.581433289
11422747647.378265,18368441.374997173
8414357753.024649,416644357.88880116
10381174962.516907,144759933.27145964
11115060390.428938,24107510.933838934
11261714480.04544,15228627.581924044
11121071633.08957,14629020.885357015
8401955163.548187,400043755.40287614
11268825156.072714,13636739.271954793
11294813052.919752,12265005.671854671
11148696878.789991,44736296.100004666
11111425085.260368,28075721.59869778
11286600578.95692,14427519.44505591
10970748131.851881,54577347.5460207
10644548913.740938,79993380.8303309
11161708882.418156,12877316.282059945
11180264148.704811,13475964.152938336
11041930266.182995,28868088.46013795
11202679709.482777,18395360.10277108
11239322900.244081,11883950.38303966
9703547348.815018,215947462.89073184
11056545297.6006,34979438.911884874
11059646549.27776,16776364.476195868
9813921767.130102,200525821.10510665
9632423196.220484,221114721.4084875
10920559096.174883,34698270.547651485
10622642049.086712,88321895.78462206
8900966179.731173,313265871.9936211
11063721157.654846,11515656.586174801
10982455389.27208,16516845.046047473
10940143386.139378,39455938.6456491
10947552915.711115,10752605.029715028
10997643277.590551,10703605.1367599
11024568351.848408,15131613.2797355
10904950602.940456,12819701.772147015
10636138419.497677,64180152.53757403
10914100777.39597,12600623.420947788
10959847560.24905,10291769.54623224
10851255140.48703,18976702.008948088
10748346832.296328,10431189.487628695
10866230054.100765,17193415.28017941
10566753091.11372,47522557.67764141
10821128722.811672,15063228.696496692
10536440748.534096,17109587.772297375
10629415889.578413,17072405.98847314
8902973967.624287,268713196.0109401
10492569219.701794,45378685.219686806
10193756800.003523,59739140.500372946
9038848228.345879,245479013.37628326
10635613872.019768,28912664.39067792
10098158478.171757,96524017.81977925
5400148617.405725,696460786.7365588
10656963940.719954,11412768.26687708
10607127885.637352,13163538.681923958
10013390920.919682,103984299.77900547
10559423976.472778,10858426.033149432
7624437972.925087,419816180.41877115
10601927237.511784,18443615.076747626
10578265555.972073,16284292.126418458
10468316253.324217,29955848.471668012
10472751468.772804,16183132.607161358
10351096439.39671,14508686.696767386
10248511214.774864,38277296.98169819
5909589752.223355,634632051.4505416
10251709082.178968,38573241.55378938
10408411084.894495,11231354.36256785
2455082769.509325,1087262536.5005488
10400683205.071081,25390366.73802498
10373580377.48032,14847123.631297164
10436896905.857563,13204750.08753392
10336908579.382036,10312761.389851855
10311760265.363384,20814365.919995077
9858841740.759949,81673565.54724027
6404988194.277993,546825039.6690117
10207748158.838078,28038209.432108656
10251454865.759703,22217414.847633574
10244308872.442802,14457045.510145143
10287943532.72111,11897816.698138926
9903569702.66699,59559057.228434145
9267963155.502148,146222969.97857213
9696085149.746695,87058326.48018274
5316955669.360738,695052447.709119
10209401911.075539,13467383.775560975
5347718632.164358,658000822.8573709
10130458022.78497,19327152.45274441
5255974235.13248,677811422.5185726
9399770089.517054,120021914.75647077
9966850176.956,27228097.839887902
9849527306.519733,34347816.694749355
8521827520.169598,226408085.2266842
10031347905.34977,11297339.287625121
10044346977.572971,23046286.80093769
10001631262.469112,21656925.54365519
10058492922.421017,20145212.483962774
9997320889.083199,11278792.33932868
3005392148.10608,971293591.383311
5356300773.631357,643526004.5215447
9998093252.769337,13382045.470801754
9988272399.822771,13295035.540194891
9919035246.119362,22394783.36261095
9921070837.733067,12205602.503943987
6587303849.990055,466020095.2782457
7542472630.580951,336155473.38324976
8620729989.25313,99320182.72199619
9891981226.309635,12982311.055715483
9834631896.334465,21286742.387191877
9852926376.917131,21013015.579386845
8842759245.320105,158552779.06299728
9684353903.474749,40777733.415283024
9826186097.564133,10601311.632164877
9677004782.549896,39873730.84552315
9701138665.946342,15026699.664903892
9609726231.694555,47226261.04888567
9427119842.845173,71080256.97230014
3932728849.269195,803085628.9739534
9738911032.436264,18379103.27224922
9712200257.519356,20073119.353151806
9649603489.95602,38920127.43724141
9795266386.800575,16158790.027011316
9749490279.143991,10803246.695527403
9656107501.170078,19747256.952031866
9407273684.272673,49268671.972585276
9698446869.481802,12318922.541952431
9671899330.215528,28325892.68389543
9106410634.286232,97783065.76914228
6753931435.45504,415641000.2460521
9623579748.04349,17973178.079896085
9366295817.034975,50248465.547843814
8999763639.085194,112322853.91091605
9666170875.341105,13180470.577568369
9601796345.665577,23571548.053035777
9516265873.124563,36464664.780644014
9556734876.149227,23196418.829775184
8645906022.973629,148060043.8794414
9403447742.549643,46730010.80021684
9505489707.809496,29984621.020752966
9337567906.594982,15442466.70740438
9251588762.235838,54210966.82051863
9381376813.414135,36015043.279584095
9032604328.696362,82774122.87914458
9175390403.5405,47404275.91927183
9416312110.716251,10630486.521361582
9476354513.12175,10670058.109082773
3211041101.486054,848041794.6347499
9298699889.47808,42008674.52032221
8491068463.182304,99255692.2701747
9400927149.530994,11757593.772436861
9451297765.29153,17271403.614984095
9351489030.496265,17150380.110035267
6023148230.853317,466420918.3724481
7551443485.369685,195048526.34686828
9191094857.691051,22512369.64612522
7908895911.829964,215670015.26671854
9215277007.093575,39318118.12751886
9267872313.543186,24785620.415511236
7784862454.311245,232351827.1328895
9385868624.761524,16025888.890013224
8321023178.642891,111474807.01886678
9197257650.067705,36110614.34874423
9380174841.930056,15658432.600263068
8687588621.479712,102994752.09230858
8977507893.101517,51946719.717179716
9314940493.440342,11334047.444068288
9230002984.378132,12156760.58349477
9230997320.80502,22454463.08257321
8805962173.89172,76190305.0161725
9237281811.648123,19244911.65392547
9217933851.00136,15414557.629211608
9206681471.377645,13568160.234978497
9017960253.621136,29783788.380004056
8364971191.762251,128889521.01778421
9188080639.794424,14422632.03767502
9110363479.617281,23547806.73622121
8874325193.396458,47239391.2354565
9031191872.474218,25120394.219218906
7205999144.06065,265854243.4102686
8865124263.634819,48210649.6221232
9002869144.093323,23584781.88747605
9067197287.800003,15900190.989805508
8973830865.68302,27548943.25306609
8998615064.660292,15350935.266290888
9051033611.577969,10195836.155096026
9007031244.929377,18064233.824677777
8988410166.228088,14478570.96690125
8085614051.137137,141135107.31075373
8890877942.834036,18913957.305984054
8972377467.260645,12016148.791765824
8883645981.111528,24335604.87086657
8952465050.219477,12954949.057836056
8862440128.294537,20774189.78763089
8327947968.430058,84745765.98177744
8667350003.178524,38541984.96510957
8660505140.457348,37541247.13900644
8718908561.18594,13841636.761916138
8714422934.004847,25339817.722520865
8673193781.971642,15541702.5065923
8720419706.185675,10519678.203367405
8462881914.759038,49430983.44122945
8654304067.545868,14596761.529099904
8688773733.923536,19356848.061266065
8334139562.338376,62455233.07484083
5090206146.709758,497087865.9767546
8681708024.93448,15999643.386375647
8032168273.081923,101930392.66316648
7709720113.381068,144324714.548192
8610633098.549864,20825763.199709862
8454525295.495665,39413113.34102575
6950533217.624006,227055924.53252655
8510537397.889893,14217512.35483864
8382405327.133016,20438378.959495433
8442085262.445758,12151484.37916716
8539391472.351915,13063366.442472683
8436153851.886627,18548342.586178873
8388255405.922585,12045567.39230686
6185136233.480165,324599568.30324495
8434527832.614404,11809863.125662215
8363305631.843308,30927246.628218926
7886117343.179039,87778835.74997355
8395336163.637267,17485207.930972684
8374087563.690212,10229230.349831019
8393110399.895008,14173345.548081951
6434512867.156804,275931089.2345417
8231419618.869875,34670408.96552153
8394026806.72595,10627744.039078644
8374808978.511074,15304758.23383684
7661080920.341173,35140570.11148511
7964830597.486248,67482792.08034554
8104362627.625609,47650541.229591474
8294697772.414421,19467007.989440802
8276079534.199437,22844261.591422647
7499104279.790793,81190317.44161493
8316643368.27552,12773016.316636186
8189509684.408801,31753862.40628422
8134949945.875228,25940983.268123165
8161403412.148107,14922970.398299588
7659803516.719564,44767005.68781331
8161443431.737924,27761788.353063144
5845244821.451037,329584340.0672935
8183669113.829485,10601718.642095326
8148546404.348017,14400137.849135581
8172067335.918411,11168967.32557722
7870717872.193554,49706625.099211335
7581358953.045204,45963059.88987976
4161343271.5298486,535214572.1371982
6263139880.8448715,247985955.81371313
7583052776.1057825,74621630.90341622
5511983702.7850685,344512123.44601154
7909904269.480751,17100698.181769617
2768258596.9362516,708390496.9044427
7875377808.260335,17920122.98477263
7805208598.738684,34674072.24831999
7842004572.369371,13034444.065432478
7832832957.232274,21575757.21429324
7963464447.562806,10508680.279501524
6926681251.42071,147935069.39010504
7826480051.103254,25768033.106252085
7422109246.509329,76094038.74156965
7854514393.583534,10244612.35959069
7833766912.896483,12791463.31975966
7772957273.758039,18020102.428410217
4952122081.354763,393665575.9870969
7790748190.503146,12492400.061751667
7653650373.911892,28578137.942292944
7695645711.074248,14994232.84711549
7052422516.514709,72406450.51426949
7282312004.886755,67518024.23213324
7511013171.488984,35529479.1960269
7564605889.97992,27353545.024023235
7573725056.856545,20822834.39097006
7556935848.050927,27482180.67539724
6739786303.756447,134636568.3643288
6563915516.415654,70978962.52222392
7544133489.86799,24512937.7024882
5959359737.933861,233435029.2528476
7513823436.780962,25397594.936930545
7405346012.071181,37630136.25370446
4188529212.9821014,465847423.6406647
7504129675.399165,15444792.467086619
7217729281.119402,56847897.65079759
7137980026.304325,66952971.47908414
7379331207.120895,28339149.870883208
6749623605.286238,113966203.20846072
7433642686.708052,15676965.939768335
7329585665.590183,16689939.088072177
6573682774.768331,77407455.34871948
3443460727.3886247,542691740.4302504
7245564737.489269,15342554.181716103
6575587201.184512,59594238.485415235
6069443552.940873,185171782.08457518
7241745411.358849,10743793.199267417
6629255313.09355,102796812.35934122
3806746498.4226074,481119119.80335146
6013854651.881795,189259718.16222095
1844126640.8185205,746886612.5546632
7236439475.279979,21476982.559701793
7252103785.955811,20695231.325623676
5367870682.727395,271943493.364752
7263702301.24555,18730829.08428938
7070985151.60257,28307843.786270007
7083488160.483834,37891576.0293563
7039407591.134344,41499388.3898606
7132202219.535545,17556987.099372372
6898533038.26448,57058362.652659915
6623505998.536211,92961207.32425472
6693765380.381402,80825865.16817287
6005235944.808713,168095312.3728962
6381872384.456263,117838922.72990252
7063703377.317763,28055402.056994386
4089037392.863022,423998003.0286479
7063739060.7495,20105228.8503676
7128791547.277545,11650572.846653474
6989581971.656212,29092694.709221408
4705967121.116789,335656019.66658586
7045795652.256067,19610728.78895638
7076259248.108034,11553520.595279988
6379596575.068342,105729998.1319544
6996534117.569446,17157614.698855467
6391177230.228897,76648998.64171636
6633691567.718412,64936658.068599075
6907907844.266229,13340617.17767291
5523916369.310859,207930843.0065459
6832697904.819387,27504033.603189573
6725473669.315483,13896771.898598906
6909688335.5593195,15657354.514589211
6204554212.842758,108022782.62515754
6817333090.931367,27058428.99935022
2969061808.694965,544012154.1389985
6603194504.084072,51966263.63722819
6233248078.59816,98740479.29355288
6782862573.655397,14360011.178164711
6846446095.797752,13021526.511042789
6826527871.25676,10628041.07339714
6807231675.698791,16957013.766773395
6768795093.311688,17549309.972696334
6486038120.093251,41539773.154664755
6548897483.5854,19171954.375236772
6732958049.649591,11854267.126050305
6705643977.00382,11982274.431212788
6684954381.2478695,16745977.09551539
6583744739.148033,28786696.380143397
6704831279.385513,12548696.615503203
6622659468.606443,15706893.516007416
6622868462.871013,15228734.666531373
6573177767.248723,26018402.061201047
6628813959.706828,10234999.700138409
6619238077.653484,12590350.510612892
6557260449.04258,14616294.154542498
5758230427.312646,124872630.78121008
5023824673.635688,153862339.13602716
6442052253.56859,30182990.753527433
6408701338.101936,31078442.052834623
6238858705.7021055,52411387.10812727
6474368272.849695,21810257.441411473
6259510874.812703,49729083.21063812
6171773786.084801,16077863.170796577
6356410614.515145,22236547.892716743
6486887805.262702,11936279.159017147
6199017930.471755,49930194.82124415
6455771566.460658,13504421.067872182
3874992635.2148805,354737390.0247176
5863558958.955073,88468674.22391859
6429237465.412836,10586743.832236532
6262767474.816713,31963161.041484445
6427069396.945557,12148477.686002927
6341653908.92551,20995266.50691831
6355223039.228973,17225613.53503654
6357512757.153785,15354847.828294437
6329209696.895608,20418607.316705257
6131628240.476995,44929925.469423115
5730165720.199781,94434413.10040823
4807669995.753845,218656849.1150797
5794036429.563848,87438878.36461449
3935760262.695529,329380491.1830485
6257150703.322826,21599368.411721714
5511574080.132507,116377110.70692173
6264061057.919792,16642170.168997169
6208124130.874875,11605939.883534838
6112453392.392647,28091967.870317455
6099453684.763241,22449986.93009849
5805497176.926182,69739353.03513974
5330768040.804076,124826677.10908575
6182062083.420498,12629971.473377202
6086780537.431068,16242362.276800567
5930600706.841124,41920987.787226826
6117480499.7417145,11913420.24796614
6031989489.033867,25651460.397905882
6060781963.233544,20536640.76989998
6112951134.783096,12350829.306173768
4090319775.720267,276088293.0440824
6080540231.220857,10456490.18884976
6029768913.121689,13425321.520003745
5930210790.996171,28307227.34947777
5789718065.682936,16865100.243304566
5971649360.869299,19902075.295909554
5672035625.931847,58344059.820467435
5817752066.496206,36558468.876068085
6009678015.399174,11138664.343580097
5841459744.793336,27090801.30857411
5914513192.847542,15621115.450414717
4975029796.819147,141205988.74450275
5424930289.175212,81818927.80875239
3781207933.651488,296555346.9803933
5834271456.102975,25952023.420689788
5867803791.459734,15096731.96189356
1667485972.3528693,585843299.2497466
5774125168.268268,28534229.167197395
5768603001.457028,27080937.615280718
5038091601.324645,120516777.49562088
5430406426.902971,66950689.23990161
5759371821.566622,14175674.671967898
5800559318.140053,12753290.88501788
5656479300.889662,32954619.568255004
5736299493.300656,16062344.89006271
5592347442.777743,33246619.728935674
5701587512.717947,18046921.321539406
5697959981.712951,17471046.76103391
5450270827.483226,49856139.54797998
5487611250.461073,44473372.30294498
5598605404.38773,28654247.314062983
2378176682.7585325,448512591.02503085
5527745009.601914,25153497.43796528
5630722530.543333,10465318.58817333
4427507842.246393,161145059.13856286
5401289233.872384,38172569.147590205
5391159274.901476,37536652.44843416
5527861594.060796,19282638.81523715
5413175219.543403,34787584.22900217
5262337244.504056,57228569.016271055
5525867609.139729,13897924.511401504
5526587222.843985,12922173.524274398
5448580401.176926,21718024.056085855
5508149431.017339,11604504.42893226
5512936066.916034,11138570.436012957
5364908205.903845,25526646.858430207
5307103477.112365,32484849.277826868
1777930259.5903676,497929917.59529287
5325340056.053439,25969103.724692196
5159837017.469814,47634327.06988338
5363944595.602555,13831889.45832739
4635815175.662724,115378657.5067206
5318201955.631634,27985972.63636189
5167790868.193207,44737843.76841632
5370633594.503468,15539401.139113944
4343891391.2346525,151932655.31806764
5315609803.741211,19629580.7952317
4883920827.229658,77561927.15543726
5120984689.164925,44045584.34578498
4079599970.333088,178565815.45803303
5106138129.282983,41079317.4808001
5274337507.197785,18028818.030197367
5266341336.504944,16135960.226339001
5235405335.676399,20124472.04030911
5239503844.223578,11880896.57720749
5273375024.243231,12319313.93976711
4478979133.4382715,112365943.557673
5174789983.975325,20881322.167341612
5028483306.840322,39703165.9731607
3122535441.8075757,278814155.14177203
5180217242.855836,13655369.109533133
4962737144.093595,45840466.14112356
4978889518.252551,26740932.637146603
5116879254.706705,24342794.726830292
4177903010.9503155,150394650.09799874
4904260620.962718,45469800.8984138
5165272643.359819,16450075.62598895
4519997101.117203,100859496.55513504
3745095145.8717184,203817378.50839135
5155537389.070766,16208863.608688228
5183758425.548896,11408203.6089036
4943488682.399974,21127798.628073
4994993451.594635,35373583.41928285
4239704904.211713,132853475.80261499
3673249141.655575,208940931.28109062
4410908070.483911,104342681.42975393
5012365207.506503,25280431.330726612
4524242779.038656,88829673.4392998
5088426433.666822,13860839.415620781
4670334554.785315,21650315.059524793
4953243294.942333,29435239.778590783
5046386503.535304,10280615.825885437
3495550415.819275,224174707.32431358
4288532738.860898,113866722.79643239
5037203074.344081,11803056.143021643
1838433250.9011774,430263338.2374568
4930983271.781215,21207125.5325583
4994332556.021444,11655728.04326786
4866532868.653019,21825750.449169442
4774143653.045551,33564902.99703807
4945639773.212911,11789448.346598633
3589088742.784084,188526244.80564585
4829697603.661727,22321484.772676315
4528431128.960153,55380927.21206703
4742081088.571512,26932808.89376273
4794915674.897484,18734266.329901993
4601873640.738288,43716131.48271541
4745415787.010284,23146975.628720447
4700715333.267829,28290243.81296105
4346754649.497968,61850802.07216348
4588187866.187067,42236982.70946069
4683511487.681628,29735409.831986405
4810419207.653098,12198058.097522002
4581608739.71998,41761169.13135758
4771161240.569099,12272551.853636723
4754946183.243784,14367433.195270305
3815276107.976516,137351946.48762193
4765644033.4921665,11841438.85085715
3486050727.791981,181199951.84047997
4325898286.696423,63073306.67997893
4693397986.158979,12157000.308913972
4333935412.255344,59242879.39921124
4679647391.557232,12647469.114793718
3654012122.896745,144268138.79316482
4352708080.3972,51906931.293749765
4411910142.189152,42955332.49205619
4562807556.960535,22075365.497811228
4649204791.134146,11026068.44523863
2630867124.4399967,277022786.9221668
4508955286.875729,22342167.596569978
4176699541.3455687,64762018.862318456
4415679936.170906,32144990.127906844
3513329805.6937447,148709039.1726521
4553929815.956112,10352443.046443213
4485086032.388798,18817289.406249106
4326309657.377485,34707358.380963415
4491529695.6670685,16445056.289321817
4235220585.5746093,48687016.67045429
2448919195.511406,286990141.0582682
4476598500.153376,11932422.051110642
4493854817.7429,10362144.418634735
4420583214.766511,13652235.982409243
3216767479.5173306,167475042.27086797
4353879996.437667,17476188.81514819
4350026848.489061,14640259.681372724
4154099310.5354943,40127350.422583185
3975922877.461253,41093042.67549807
3865357777.3407545,77234910.91188791
3741307236.9206204,91187056.37042782
4334242017.6574,12079273.442508303
3684677264.783709,97285577.8147319
3780885901.161416,80921998.68452755
4060617759.3265867,41925294.8694682
3770992551.5661106,79844545.48442006
4075799607.8148456,37101839.999393284
2900223988.3859625,192048430.36883402
3792700591.415113,72731385.57989094
3888649367.9909153,55814730.23074934
4001984022.538793,42290249.34184478
4196801591.4828157,15354116.65281334
2912262017.7963023,175993821.47901222
3998585729.2275505,37196591.339217454
3943087528.796338,42731519.797836736
4166990644.9432096,12669005.175354118
4046224672.945134,15156780.037983708
2649934545.04456,210304754.1426895
3972258945.2713127,34943986.00063543
3901814377.396317,44181558.62069753
3419794709.770276,108408394.55864768
4132790438.713361,12715165.711466372
4141013109.1009755,10861839.100706656
3058229727.184839,154070010.84369618
4058291644.675956,16881293.354288444
4069675031.569589,14362689.778571295
3678340650.688461,68570149.79321195
3070043597.253271,144522285.80068716
3987218514.22693,21760501.079275303
1800057027.7893705,310509609.93920827
1330500505.3686938,372619454.73661804
3955187395.476137,24992967.90927346
2732482903.7357383,186384210.21493974
1177335899.4565103,396789995.5432223
3822894808.0432124,39858035.688498065
3650717857.8932037,38830677.098067656
3984227162.7814536,10631399.115154304
3935309737.7537975,16643790.08834635
3885663076.8570023,22944164.00722976
3291367297.47655,103403531.7976913
3493346216.892193,71083050.86403684
